{
  "dataset": "full_dataset",
  "total_patients": 116352,
  "model_name": "Gradient Boosting",
  "threshold": 0.2,
  "roc_auc": 0.7595178408272922,
  "pr_auc": 0.3683558973665502,
  "precision": 0.2974496266027899,
  "recall": 0.672614306197228,
  "f1_score": 0.41248595574226954,
  "patients_flagged": 42582,
  "flag_rate": 0.3659756600660066
}